{"orig_mean": 0.011598194339277045, "orig_stdev": 0.0025047171329402387}