{"orig_mean": 0.01074804919783348, "orig_stdev": 0.0024668681774737884}