{"orig_mean": 0.012574265341352317, "orig_stdev": 0.003170846483322339}