{"orig_mean": 0.012649587733410166, "orig_stdev": 0.0031354939512851223}