{"orig_mean": 0.01478722050045231, "orig_stdev": 0.002774830390672049}