{"orig_mean": 298.3368113894016, "orig_stdev": 1.6461183747869461}