{"orig_mean": 299.99160762714024, "orig_stdev": 1.2797710285928872}