{"orig_mean": 300.060649829444, "orig_stdev": 3.707469861958993}