{"orig_mean": 305.6514606266925, "orig_stdev": 5.054869433667828}