{"orig_mean": 300.95777879967807, "orig_stdev": 4.812765079257224}