{"orig_mean": -1.484896188427539, "orig_stdev": 4.197735986562521}