{"orig_mean": -1.1694194256384234, "orig_stdev": 2.951313607107941}