{"orig_mean": -1.4447561283444115, "orig_stdev": 3.748699486940701}