{"orig_mean": -1.476299430832239, "orig_stdev": 2.3502383381986007}