{"orig_mean": -5.257666569180928, "orig_stdev": 2.3039171237179645}