{"orig_mean": 2.8609761469755175, "orig_stdev": 4.73684345508857}