{"orig_mean": -1.2920895347043082, "orig_stdev": 3.0144999035312434}