{"orig_mean": 1.4471217035432196, "orig_stdev": 3.801194587758176}