{"orig_mean": 4.339751403669693, "orig_stdev": 1.5680482000718705}