{"orig_mean": 0.31660175466889406, "orig_stdev": 1.764519706832313}